<?xml version="1.0" encoding="UTF-8"?>
<config xmlns="http://www.knime.org/2008/09/XMLConfig" xmlns:xsi="http://www.w3.org/2001/XMLSchema-instance" xsi:schemaLocation="http://www.knime.org/2008/09/XMLConfig http://www.knime.org/XMLConfig_2008_09.xsd" key="MiningSchema">
<config key="learning">
<entry key="array-size" type="xint" value="784"/>
<entry key="0" type="xstring" value="pixel0"/>
<entry key="1" type="xstring" value="pixel1"/>
<entry key="2" type="xstring" value="pixel2"/>
<entry key="3" type="xstring" value="pixel3"/>
<entry key="4" type="xstring" value="pixel4"/>
<entry key="5" type="xstring" value="pixel5"/>
<entry key="6" type="xstring" value="pixel6"/>
<entry key="7" type="xstring" value="pixel7"/>
<entry key="8" type="xstring" value="pixel8"/>
<entry key="9" type="xstring" value="pixel9"/>
<entry key="10" type="xstring" value="pixel10"/>
<entry key="11" type="xstring" value="pixel11"/>
<entry key="12" type="xstring" value="pixel12"/>
<entry key="13" type="xstring" value="pixel13"/>
<entry key="14" type="xstring" value="pixel14"/>
<entry key="15" type="xstring" value="pixel15"/>
<entry key="16" type="xstring" value="pixel16"/>
<entry key="17" type="xstring" value="pixel17"/>
<entry key="18" type="xstring" value="pixel18"/>
<entry key="19" type="xstring" value="pixel19"/>
<entry key="20" type="xstring" value="pixel20"/>
<entry key="21" type="xstring" value="pixel21"/>
<entry key="22" type="xstring" value="pixel22"/>
<entry key="23" type="xstring" value="pixel23"/>
<entry key="24" type="xstring" value="pixel24"/>
<entry key="25" type="xstring" value="pixel25"/>
<entry key="26" type="xstring" value="pixel26"/>
<entry key="27" type="xstring" value="pixel27"/>
<entry key="28" type="xstring" value="pixel28"/>
<entry key="29" type="xstring" value="pixel29"/>
<entry key="30" type="xstring" value="pixel30"/>
<entry key="31" type="xstring" value="pixel31"/>
<entry key="32" type="xstring" value="pixel32"/>
<entry key="33" type="xstring" value="pixel33"/>
<entry key="34" type="xstring" value="pixel34"/>
<entry key="35" type="xstring" value="pixel35"/>
<entry key="36" type="xstring" value="pixel36"/>
<entry key="37" type="xstring" value="pixel37"/>
<entry key="38" type="xstring" value="pixel38"/>
<entry key="39" type="xstring" value="pixel39"/>
<entry key="40" type="xstring" value="pixel40"/>
<entry key="41" type="xstring" value="pixel41"/>
<entry key="42" type="xstring" value="pixel42"/>
<entry key="43" type="xstring" value="pixel43"/>
<entry key="44" type="xstring" value="pixel44"/>
<entry key="45" type="xstring" value="pixel45"/>
<entry key="46" type="xstring" value="pixel46"/>
<entry key="47" type="xstring" value="pixel47"/>
<entry key="48" type="xstring" value="pixel48"/>
<entry key="49" type="xstring" value="pixel49"/>
<entry key="50" type="xstring" value="pixel50"/>
<entry key="51" type="xstring" value="pixel51"/>
<entry key="52" type="xstring" value="pixel52"/>
<entry key="53" type="xstring" value="pixel53"/>
<entry key="54" type="xstring" value="pixel54"/>
<entry key="55" type="xstring" value="pixel55"/>
<entry key="56" type="xstring" value="pixel56"/>
<entry key="57" type="xstring" value="pixel57"/>
<entry key="58" type="xstring" value="pixel58"/>
<entry key="59" type="xstring" value="pixel59"/>
<entry key="60" type="xstring" value="pixel60"/>
<entry key="61" type="xstring" value="pixel61"/>
<entry key="62" type="xstring" value="pixel62"/>
<entry key="63" type="xstring" value="pixel63"/>
<entry key="64" type="xstring" value="pixel64"/>
<entry key="65" type="xstring" value="pixel65"/>
<entry key="66" type="xstring" value="pixel66"/>
<entry key="67" type="xstring" value="pixel67"/>
<entry key="68" type="xstring" value="pixel68"/>
<entry key="69" type="xstring" value="pixel69"/>
<entry key="70" type="xstring" value="pixel70"/>
<entry key="71" type="xstring" value="pixel71"/>
<entry key="72" type="xstring" value="pixel72"/>
<entry key="73" type="xstring" value="pixel73"/>
<entry key="74" type="xstring" value="pixel74"/>
<entry key="75" type="xstring" value="pixel75"/>
<entry key="76" type="xstring" value="pixel76"/>
<entry key="77" type="xstring" value="pixel77"/>
<entry key="78" type="xstring" value="pixel78"/>
<entry key="79" type="xstring" value="pixel79"/>
<entry key="80" type="xstring" value="pixel80"/>
<entry key="81" type="xstring" value="pixel81"/>
<entry key="82" type="xstring" value="pixel82"/>
<entry key="83" type="xstring" value="pixel83"/>
<entry key="84" type="xstring" value="pixel84"/>
<entry key="85" type="xstring" value="pixel85"/>
<entry key="86" type="xstring" value="pixel86"/>
<entry key="87" type="xstring" value="pixel87"/>
<entry key="88" type="xstring" value="pixel88"/>
<entry key="89" type="xstring" value="pixel89"/>
<entry key="90" type="xstring" value="pixel90"/>
<entry key="91" type="xstring" value="pixel91"/>
<entry key="92" type="xstring" value="pixel92"/>
<entry key="93" type="xstring" value="pixel93"/>
<entry key="94" type="xstring" value="pixel94"/>
<entry key="95" type="xstring" value="pixel95"/>
<entry key="96" type="xstring" value="pixel96"/>
<entry key="97" type="xstring" value="pixel97"/>
<entry key="98" type="xstring" value="pixel98"/>
<entry key="99" type="xstring" value="pixel99"/>
<entry key="100" type="xstring" value="pixel100"/>
<entry key="101" type="xstring" value="pixel101"/>
<entry key="102" type="xstring" value="pixel102"/>
<entry key="103" type="xstring" value="pixel103"/>
<entry key="104" type="xstring" value="pixel104"/>
<entry key="105" type="xstring" value="pixel105"/>
<entry key="106" type="xstring" value="pixel106"/>
<entry key="107" type="xstring" value="pixel107"/>
<entry key="108" type="xstring" value="pixel108"/>
<entry key="109" type="xstring" value="pixel109"/>
<entry key="110" type="xstring" value="pixel110"/>
<entry key="111" type="xstring" value="pixel111"/>
<entry key="112" type="xstring" value="pixel112"/>
<entry key="113" type="xstring" value="pixel113"/>
<entry key="114" type="xstring" value="pixel114"/>
<entry key="115" type="xstring" value="pixel115"/>
<entry key="116" type="xstring" value="pixel116"/>
<entry key="117" type="xstring" value="pixel117"/>
<entry key="118" type="xstring" value="pixel118"/>
<entry key="119" type="xstring" value="pixel119"/>
<entry key="120" type="xstring" value="pixel120"/>
<entry key="121" type="xstring" value="pixel121"/>
<entry key="122" type="xstring" value="pixel122"/>
<entry key="123" type="xstring" value="pixel123"/>
<entry key="124" type="xstring" value="pixel124"/>
<entry key="125" type="xstring" value="pixel125"/>
<entry key="126" type="xstring" value="pixel126"/>
<entry key="127" type="xstring" value="pixel127"/>
<entry key="128" type="xstring" value="pixel128"/>
<entry key="129" type="xstring" value="pixel129"/>
<entry key="130" type="xstring" value="pixel130"/>
<entry key="131" type="xstring" value="pixel131"/>
<entry key="132" type="xstring" value="pixel132"/>
<entry key="133" type="xstring" value="pixel133"/>
<entry key="134" type="xstring" value="pixel134"/>
<entry key="135" type="xstring" value="pixel135"/>
<entry key="136" type="xstring" value="pixel136"/>
<entry key="137" type="xstring" value="pixel137"/>
<entry key="138" type="xstring" value="pixel138"/>
<entry key="139" type="xstring" value="pixel139"/>
<entry key="140" type="xstring" value="pixel140"/>
<entry key="141" type="xstring" value="pixel141"/>
<entry key="142" type="xstring" value="pixel142"/>
<entry key="143" type="xstring" value="pixel143"/>
<entry key="144" type="xstring" value="pixel144"/>
<entry key="145" type="xstring" value="pixel145"/>
<entry key="146" type="xstring" value="pixel146"/>
<entry key="147" type="xstring" value="pixel147"/>
<entry key="148" type="xstring" value="pixel148"/>
<entry key="149" type="xstring" value="pixel149"/>
<entry key="150" type="xstring" value="pixel150"/>
<entry key="151" type="xstring" value="pixel151"/>
<entry key="152" type="xstring" value="pixel152"/>
<entry key="153" type="xstring" value="pixel153"/>
<entry key="154" type="xstring" value="pixel154"/>
<entry key="155" type="xstring" value="pixel155"/>
<entry key="156" type="xstring" value="pixel156"/>
<entry key="157" type="xstring" value="pixel157"/>
<entry key="158" type="xstring" value="pixel158"/>
<entry key="159" type="xstring" value="pixel159"/>
<entry key="160" type="xstring" value="pixel160"/>
<entry key="161" type="xstring" value="pixel161"/>
<entry key="162" type="xstring" value="pixel162"/>
<entry key="163" type="xstring" value="pixel163"/>
<entry key="164" type="xstring" value="pixel164"/>
<entry key="165" type="xstring" value="pixel165"/>
<entry key="166" type="xstring" value="pixel166"/>
<entry key="167" type="xstring" value="pixel167"/>
<entry key="168" type="xstring" value="pixel168"/>
<entry key="169" type="xstring" value="pixel169"/>
<entry key="170" type="xstring" value="pixel170"/>
<entry key="171" type="xstring" value="pixel171"/>
<entry key="172" type="xstring" value="pixel172"/>
<entry key="173" type="xstring" value="pixel173"/>
<entry key="174" type="xstring" value="pixel174"/>
<entry key="175" type="xstring" value="pixel175"/>
<entry key="176" type="xstring" value="pixel176"/>
<entry key="177" type="xstring" value="pixel177"/>
<entry key="178" type="xstring" value="pixel178"/>
<entry key="179" type="xstring" value="pixel179"/>
<entry key="180" type="xstring" value="pixel180"/>
<entry key="181" type="xstring" value="pixel181"/>
<entry key="182" type="xstring" value="pixel182"/>
<entry key="183" type="xstring" value="pixel183"/>
<entry key="184" type="xstring" value="pixel184"/>
<entry key="185" type="xstring" value="pixel185"/>
<entry key="186" type="xstring" value="pixel186"/>
<entry key="187" type="xstring" value="pixel187"/>
<entry key="188" type="xstring" value="pixel188"/>
<entry key="189" type="xstring" value="pixel189"/>
<entry key="190" type="xstring" value="pixel190"/>
<entry key="191" type="xstring" value="pixel191"/>
<entry key="192" type="xstring" value="pixel192"/>
<entry key="193" type="xstring" value="pixel193"/>
<entry key="194" type="xstring" value="pixel194"/>
<entry key="195" type="xstring" value="pixel195"/>
<entry key="196" type="xstring" value="pixel196"/>
<entry key="197" type="xstring" value="pixel197"/>
<entry key="198" type="xstring" value="pixel198"/>
<entry key="199" type="xstring" value="pixel199"/>
<entry key="200" type="xstring" value="pixel200"/>
<entry key="201" type="xstring" value="pixel201"/>
<entry key="202" type="xstring" value="pixel202"/>
<entry key="203" type="xstring" value="pixel203"/>
<entry key="204" type="xstring" value="pixel204"/>
<entry key="205" type="xstring" value="pixel205"/>
<entry key="206" type="xstring" value="pixel206"/>
<entry key="207" type="xstring" value="pixel207"/>
<entry key="208" type="xstring" value="pixel208"/>
<entry key="209" type="xstring" value="pixel209"/>
<entry key="210" type="xstring" value="pixel210"/>
<entry key="211" type="xstring" value="pixel211"/>
<entry key="212" type="xstring" value="pixel212"/>
<entry key="213" type="xstring" value="pixel213"/>
<entry key="214" type="xstring" value="pixel214"/>
<entry key="215" type="xstring" value="pixel215"/>
<entry key="216" type="xstring" value="pixel216"/>
<entry key="217" type="xstring" value="pixel217"/>
<entry key="218" type="xstring" value="pixel218"/>
<entry key="219" type="xstring" value="pixel219"/>
<entry key="220" type="xstring" value="pixel220"/>
<entry key="221" type="xstring" value="pixel221"/>
<entry key="222" type="xstring" value="pixel222"/>
<entry key="223" type="xstring" value="pixel223"/>
<entry key="224" type="xstring" value="pixel224"/>
<entry key="225" type="xstring" value="pixel225"/>
<entry key="226" type="xstring" value="pixel226"/>
<entry key="227" type="xstring" value="pixel227"/>
<entry key="228" type="xstring" value="pixel228"/>
<entry key="229" type="xstring" value="pixel229"/>
<entry key="230" type="xstring" value="pixel230"/>
<entry key="231" type="xstring" value="pixel231"/>
<entry key="232" type="xstring" value="pixel232"/>
<entry key="233" type="xstring" value="pixel233"/>
<entry key="234" type="xstring" value="pixel234"/>
<entry key="235" type="xstring" value="pixel235"/>
<entry key="236" type="xstring" value="pixel236"/>
<entry key="237" type="xstring" value="pixel237"/>
<entry key="238" type="xstring" value="pixel238"/>
<entry key="239" type="xstring" value="pixel239"/>
<entry key="240" type="xstring" value="pixel240"/>
<entry key="241" type="xstring" value="pixel241"/>
<entry key="242" type="xstring" value="pixel242"/>
<entry key="243" type="xstring" value="pixel243"/>
<entry key="244" type="xstring" value="pixel244"/>
<entry key="245" type="xstring" value="pixel245"/>
<entry key="246" type="xstring" value="pixel246"/>
<entry key="247" type="xstring" value="pixel247"/>
<entry key="248" type="xstring" value="pixel248"/>
<entry key="249" type="xstring" value="pixel249"/>
<entry key="250" type="xstring" value="pixel250"/>
<entry key="251" type="xstring" value="pixel251"/>
<entry key="252" type="xstring" value="pixel252"/>
<entry key="253" type="xstring" value="pixel253"/>
<entry key="254" type="xstring" value="pixel254"/>
<entry key="255" type="xstring" value="pixel255"/>
<entry key="256" type="xstring" value="pixel256"/>
<entry key="257" type="xstring" value="pixel257"/>
<entry key="258" type="xstring" value="pixel258"/>
<entry key="259" type="xstring" value="pixel259"/>
<entry key="260" type="xstring" value="pixel260"/>
<entry key="261" type="xstring" value="pixel261"/>
<entry key="262" type="xstring" value="pixel262"/>
<entry key="263" type="xstring" value="pixel263"/>
<entry key="264" type="xstring" value="pixel264"/>
<entry key="265" type="xstring" value="pixel265"/>
<entry key="266" type="xstring" value="pixel266"/>
<entry key="267" type="xstring" value="pixel267"/>
<entry key="268" type="xstring" value="pixel268"/>
<entry key="269" type="xstring" value="pixel269"/>
<entry key="270" type="xstring" value="pixel270"/>
<entry key="271" type="xstring" value="pixel271"/>
<entry key="272" type="xstring" value="pixel272"/>
<entry key="273" type="xstring" value="pixel273"/>
<entry key="274" type="xstring" value="pixel274"/>
<entry key="275" type="xstring" value="pixel275"/>
<entry key="276" type="xstring" value="pixel276"/>
<entry key="277" type="xstring" value="pixel277"/>
<entry key="278" type="xstring" value="pixel278"/>
<entry key="279" type="xstring" value="pixel279"/>
<entry key="280" type="xstring" value="pixel280"/>
<entry key="281" type="xstring" value="pixel281"/>
<entry key="282" type="xstring" value="pixel282"/>
<entry key="283" type="xstring" value="pixel283"/>
<entry key="284" type="xstring" value="pixel284"/>
<entry key="285" type="xstring" value="pixel285"/>
<entry key="286" type="xstring" value="pixel286"/>
<entry key="287" type="xstring" value="pixel287"/>
<entry key="288" type="xstring" value="pixel288"/>
<entry key="289" type="xstring" value="pixel289"/>
<entry key="290" type="xstring" value="pixel290"/>
<entry key="291" type="xstring" value="pixel291"/>
<entry key="292" type="xstring" value="pixel292"/>
<entry key="293" type="xstring" value="pixel293"/>
<entry key="294" type="xstring" value="pixel294"/>
<entry key="295" type="xstring" value="pixel295"/>
<entry key="296" type="xstring" value="pixel296"/>
<entry key="297" type="xstring" value="pixel297"/>
<entry key="298" type="xstring" value="pixel298"/>
<entry key="299" type="xstring" value="pixel299"/>
<entry key="300" type="xstring" value="pixel300"/>
<entry key="301" type="xstring" value="pixel301"/>
<entry key="302" type="xstring" value="pixel302"/>
<entry key="303" type="xstring" value="pixel303"/>
<entry key="304" type="xstring" value="pixel304"/>
<entry key="305" type="xstring" value="pixel305"/>
<entry key="306" type="xstring" value="pixel306"/>
<entry key="307" type="xstring" value="pixel307"/>
<entry key="308" type="xstring" value="pixel308"/>
<entry key="309" type="xstring" value="pixel309"/>
<entry key="310" type="xstring" value="pixel310"/>
<entry key="311" type="xstring" value="pixel311"/>
<entry key="312" type="xstring" value="pixel312"/>
<entry key="313" type="xstring" value="pixel313"/>
<entry key="314" type="xstring" value="pixel314"/>
<entry key="315" type="xstring" value="pixel315"/>
<entry key="316" type="xstring" value="pixel316"/>
<entry key="317" type="xstring" value="pixel317"/>
<entry key="318" type="xstring" value="pixel318"/>
<entry key="319" type="xstring" value="pixel319"/>
<entry key="320" type="xstring" value="pixel320"/>
<entry key="321" type="xstring" value="pixel321"/>
<entry key="322" type="xstring" value="pixel322"/>
<entry key="323" type="xstring" value="pixel323"/>
<entry key="324" type="xstring" value="pixel324"/>
<entry key="325" type="xstring" value="pixel325"/>
<entry key="326" type="xstring" value="pixel326"/>
<entry key="327" type="xstring" value="pixel327"/>
<entry key="328" type="xstring" value="pixel328"/>
<entry key="329" type="xstring" value="pixel329"/>
<entry key="330" type="xstring" value="pixel330"/>
<entry key="331" type="xstring" value="pixel331"/>
<entry key="332" type="xstring" value="pixel332"/>
<entry key="333" type="xstring" value="pixel333"/>
<entry key="334" type="xstring" value="pixel334"/>
<entry key="335" type="xstring" value="pixel335"/>
<entry key="336" type="xstring" value="pixel336"/>
<entry key="337" type="xstring" value="pixel337"/>
<entry key="338" type="xstring" value="pixel338"/>
<entry key="339" type="xstring" value="pixel339"/>
<entry key="340" type="xstring" value="pixel340"/>
<entry key="341" type="xstring" value="pixel341"/>
<entry key="342" type="xstring" value="pixel342"/>
<entry key="343" type="xstring" value="pixel343"/>
<entry key="344" type="xstring" value="pixel344"/>
<entry key="345" type="xstring" value="pixel345"/>
<entry key="346" type="xstring" value="pixel346"/>
<entry key="347" type="xstring" value="pixel347"/>
<entry key="348" type="xstring" value="pixel348"/>
<entry key="349" type="xstring" value="pixel349"/>
<entry key="350" type="xstring" value="pixel350"/>
<entry key="351" type="xstring" value="pixel351"/>
<entry key="352" type="xstring" value="pixel352"/>
<entry key="353" type="xstring" value="pixel353"/>
<entry key="354" type="xstring" value="pixel354"/>
<entry key="355" type="xstring" value="pixel355"/>
<entry key="356" type="xstring" value="pixel356"/>
<entry key="357" type="xstring" value="pixel357"/>
<entry key="358" type="xstring" value="pixel358"/>
<entry key="359" type="xstring" value="pixel359"/>
<entry key="360" type="xstring" value="pixel360"/>
<entry key="361" type="xstring" value="pixel361"/>
<entry key="362" type="xstring" value="pixel362"/>
<entry key="363" type="xstring" value="pixel363"/>
<entry key="364" type="xstring" value="pixel364"/>
<entry key="365" type="xstring" value="pixel365"/>
<entry key="366" type="xstring" value="pixel366"/>
<entry key="367" type="xstring" value="pixel367"/>
<entry key="368" type="xstring" value="pixel368"/>
<entry key="369" type="xstring" value="pixel369"/>
<entry key="370" type="xstring" value="pixel370"/>
<entry key="371" type="xstring" value="pixel371"/>
<entry key="372" type="xstring" value="pixel372"/>
<entry key="373" type="xstring" value="pixel373"/>
<entry key="374" type="xstring" value="pixel374"/>
<entry key="375" type="xstring" value="pixel375"/>
<entry key="376" type="xstring" value="pixel376"/>
<entry key="377" type="xstring" value="pixel377"/>
<entry key="378" type="xstring" value="pixel378"/>
<entry key="379" type="xstring" value="pixel379"/>
<entry key="380" type="xstring" value="pixel380"/>
<entry key="381" type="xstring" value="pixel381"/>
<entry key="382" type="xstring" value="pixel382"/>
<entry key="383" type="xstring" value="pixel383"/>
<entry key="384" type="xstring" value="pixel384"/>
<entry key="385" type="xstring" value="pixel385"/>
<entry key="386" type="xstring" value="pixel386"/>
<entry key="387" type="xstring" value="pixel387"/>
<entry key="388" type="xstring" value="pixel388"/>
<entry key="389" type="xstring" value="pixel389"/>
<entry key="390" type="xstring" value="pixel390"/>
<entry key="391" type="xstring" value="pixel391"/>
<entry key="392" type="xstring" value="pixel392"/>
<entry key="393" type="xstring" value="pixel393"/>
<entry key="394" type="xstring" value="pixel394"/>
<entry key="395" type="xstring" value="pixel395"/>
<entry key="396" type="xstring" value="pixel396"/>
<entry key="397" type="xstring" value="pixel397"/>
<entry key="398" type="xstring" value="pixel398"/>
<entry key="399" type="xstring" value="pixel399"/>
<entry key="400" type="xstring" value="pixel400"/>
<entry key="401" type="xstring" value="pixel401"/>
<entry key="402" type="xstring" value="pixel402"/>
<entry key="403" type="xstring" value="pixel403"/>
<entry key="404" type="xstring" value="pixel404"/>
<entry key="405" type="xstring" value="pixel405"/>
<entry key="406" type="xstring" value="pixel406"/>
<entry key="407" type="xstring" value="pixel407"/>
<entry key="408" type="xstring" value="pixel408"/>
<entry key="409" type="xstring" value="pixel409"/>
<entry key="410" type="xstring" value="pixel410"/>
<entry key="411" type="xstring" value="pixel411"/>
<entry key="412" type="xstring" value="pixel412"/>
<entry key="413" type="xstring" value="pixel413"/>
<entry key="414" type="xstring" value="pixel414"/>
<entry key="415" type="xstring" value="pixel415"/>
<entry key="416" type="xstring" value="pixel416"/>
<entry key="417" type="xstring" value="pixel417"/>
<entry key="418" type="xstring" value="pixel418"/>
<entry key="419" type="xstring" value="pixel419"/>
<entry key="420" type="xstring" value="pixel420"/>
<entry key="421" type="xstring" value="pixel421"/>
<entry key="422" type="xstring" value="pixel422"/>
<entry key="423" type="xstring" value="pixel423"/>
<entry key="424" type="xstring" value="pixel424"/>
<entry key="425" type="xstring" value="pixel425"/>
<entry key="426" type="xstring" value="pixel426"/>
<entry key="427" type="xstring" value="pixel427"/>
<entry key="428" type="xstring" value="pixel428"/>
<entry key="429" type="xstring" value="pixel429"/>
<entry key="430" type="xstring" value="pixel430"/>
<entry key="431" type="xstring" value="pixel431"/>
<entry key="432" type="xstring" value="pixel432"/>
<entry key="433" type="xstring" value="pixel433"/>
<entry key="434" type="xstring" value="pixel434"/>
<entry key="435" type="xstring" value="pixel435"/>
<entry key="436" type="xstring" value="pixel436"/>
<entry key="437" type="xstring" value="pixel437"/>
<entry key="438" type="xstring" value="pixel438"/>
<entry key="439" type="xstring" value="pixel439"/>
<entry key="440" type="xstring" value="pixel440"/>
<entry key="441" type="xstring" value="pixel441"/>
<entry key="442" type="xstring" value="pixel442"/>
<entry key="443" type="xstring" value="pixel443"/>
<entry key="444" type="xstring" value="pixel444"/>
<entry key="445" type="xstring" value="pixel445"/>
<entry key="446" type="xstring" value="pixel446"/>
<entry key="447" type="xstring" value="pixel447"/>
<entry key="448" type="xstring" value="pixel448"/>
<entry key="449" type="xstring" value="pixel449"/>
<entry key="450" type="xstring" value="pixel450"/>
<entry key="451" type="xstring" value="pixel451"/>
<entry key="452" type="xstring" value="pixel452"/>
<entry key="453" type="xstring" value="pixel453"/>
<entry key="454" type="xstring" value="pixel454"/>
<entry key="455" type="xstring" value="pixel455"/>
<entry key="456" type="xstring" value="pixel456"/>
<entry key="457" type="xstring" value="pixel457"/>
<entry key="458" type="xstring" value="pixel458"/>
<entry key="459" type="xstring" value="pixel459"/>
<entry key="460" type="xstring" value="pixel460"/>
<entry key="461" type="xstring" value="pixel461"/>
<entry key="462" type="xstring" value="pixel462"/>
<entry key="463" type="xstring" value="pixel463"/>
<entry key="464" type="xstring" value="pixel464"/>
<entry key="465" type="xstring" value="pixel465"/>
<entry key="466" type="xstring" value="pixel466"/>
<entry key="467" type="xstring" value="pixel467"/>
<entry key="468" type="xstring" value="pixel468"/>
<entry key="469" type="xstring" value="pixel469"/>
<entry key="470" type="xstring" value="pixel470"/>
<entry key="471" type="xstring" value="pixel471"/>
<entry key="472" type="xstring" value="pixel472"/>
<entry key="473" type="xstring" value="pixel473"/>
<entry key="474" type="xstring" value="pixel474"/>
<entry key="475" type="xstring" value="pixel475"/>
<entry key="476" type="xstring" value="pixel476"/>
<entry key="477" type="xstring" value="pixel477"/>
<entry key="478" type="xstring" value="pixel478"/>
<entry key="479" type="xstring" value="pixel479"/>
<entry key="480" type="xstring" value="pixel480"/>
<entry key="481" type="xstring" value="pixel481"/>
<entry key="482" type="xstring" value="pixel482"/>
<entry key="483" type="xstring" value="pixel483"/>
<entry key="484" type="xstring" value="pixel484"/>
<entry key="485" type="xstring" value="pixel485"/>
<entry key="486" type="xstring" value="pixel486"/>
<entry key="487" type="xstring" value="pixel487"/>
<entry key="488" type="xstring" value="pixel488"/>
<entry key="489" type="xstring" value="pixel489"/>
<entry key="490" type="xstring" value="pixel490"/>
<entry key="491" type="xstring" value="pixel491"/>
<entry key="492" type="xstring" value="pixel492"/>
<entry key="493" type="xstring" value="pixel493"/>
<entry key="494" type="xstring" value="pixel494"/>
<entry key="495" type="xstring" value="pixel495"/>
<entry key="496" type="xstring" value="pixel496"/>
<entry key="497" type="xstring" value="pixel497"/>
<entry key="498" type="xstring" value="pixel498"/>
<entry key="499" type="xstring" value="pixel499"/>
<entry key="500" type="xstring" value="pixel500"/>
<entry key="501" type="xstring" value="pixel501"/>
<entry key="502" type="xstring" value="pixel502"/>
<entry key="503" type="xstring" value="pixel503"/>
<entry key="504" type="xstring" value="pixel504"/>
<entry key="505" type="xstring" value="pixel505"/>
<entry key="506" type="xstring" value="pixel506"/>
<entry key="507" type="xstring" value="pixel507"/>
<entry key="508" type="xstring" value="pixel508"/>
<entry key="509" type="xstring" value="pixel509"/>
<entry key="510" type="xstring" value="pixel510"/>
<entry key="511" type="xstring" value="pixel511"/>
<entry key="512" type="xstring" value="pixel512"/>
<entry key="513" type="xstring" value="pixel513"/>
<entry key="514" type="xstring" value="pixel514"/>
<entry key="515" type="xstring" value="pixel515"/>
<entry key="516" type="xstring" value="pixel516"/>
<entry key="517" type="xstring" value="pixel517"/>
<entry key="518" type="xstring" value="pixel518"/>
<entry key="519" type="xstring" value="pixel519"/>
<entry key="520" type="xstring" value="pixel520"/>
<entry key="521" type="xstring" value="pixel521"/>
<entry key="522" type="xstring" value="pixel522"/>
<entry key="523" type="xstring" value="pixel523"/>
<entry key="524" type="xstring" value="pixel524"/>
<entry key="525" type="xstring" value="pixel525"/>
<entry key="526" type="xstring" value="pixel526"/>
<entry key="527" type="xstring" value="pixel527"/>
<entry key="528" type="xstring" value="pixel528"/>
<entry key="529" type="xstring" value="pixel529"/>
<entry key="530" type="xstring" value="pixel530"/>
<entry key="531" type="xstring" value="pixel531"/>
<entry key="532" type="xstring" value="pixel532"/>
<entry key="533" type="xstring" value="pixel533"/>
<entry key="534" type="xstring" value="pixel534"/>
<entry key="535" type="xstring" value="pixel535"/>
<entry key="536" type="xstring" value="pixel536"/>
<entry key="537" type="xstring" value="pixel537"/>
<entry key="538" type="xstring" value="pixel538"/>
<entry key="539" type="xstring" value="pixel539"/>
<entry key="540" type="xstring" value="pixel540"/>
<entry key="541" type="xstring" value="pixel541"/>
<entry key="542" type="xstring" value="pixel542"/>
<entry key="543" type="xstring" value="pixel543"/>
<entry key="544" type="xstring" value="pixel544"/>
<entry key="545" type="xstring" value="pixel545"/>
<entry key="546" type="xstring" value="pixel546"/>
<entry key="547" type="xstring" value="pixel547"/>
<entry key="548" type="xstring" value="pixel548"/>
<entry key="549" type="xstring" value="pixel549"/>
<entry key="550" type="xstring" value="pixel550"/>
<entry key="551" type="xstring" value="pixel551"/>
<entry key="552" type="xstring" value="pixel552"/>
<entry key="553" type="xstring" value="pixel553"/>
<entry key="554" type="xstring" value="pixel554"/>
<entry key="555" type="xstring" value="pixel555"/>
<entry key="556" type="xstring" value="pixel556"/>
<entry key="557" type="xstring" value="pixel557"/>
<entry key="558" type="xstring" value="pixel558"/>
<entry key="559" type="xstring" value="pixel559"/>
<entry key="560" type="xstring" value="pixel560"/>
<entry key="561" type="xstring" value="pixel561"/>
<entry key="562" type="xstring" value="pixel562"/>
<entry key="563" type="xstring" value="pixel563"/>
<entry key="564" type="xstring" value="pixel564"/>
<entry key="565" type="xstring" value="pixel565"/>
<entry key="566" type="xstring" value="pixel566"/>
<entry key="567" type="xstring" value="pixel567"/>
<entry key="568" type="xstring" value="pixel568"/>
<entry key="569" type="xstring" value="pixel569"/>
<entry key="570" type="xstring" value="pixel570"/>
<entry key="571" type="xstring" value="pixel571"/>
<entry key="572" type="xstring" value="pixel572"/>
<entry key="573" type="xstring" value="pixel573"/>
<entry key="574" type="xstring" value="pixel574"/>
<entry key="575" type="xstring" value="pixel575"/>
<entry key="576" type="xstring" value="pixel576"/>
<entry key="577" type="xstring" value="pixel577"/>
<entry key="578" type="xstring" value="pixel578"/>
<entry key="579" type="xstring" value="pixel579"/>
<entry key="580" type="xstring" value="pixel580"/>
<entry key="581" type="xstring" value="pixel581"/>
<entry key="582" type="xstring" value="pixel582"/>
<entry key="583" type="xstring" value="pixel583"/>
<entry key="584" type="xstring" value="pixel584"/>
<entry key="585" type="xstring" value="pixel585"/>
<entry key="586" type="xstring" value="pixel586"/>
<entry key="587" type="xstring" value="pixel587"/>
<entry key="588" type="xstring" value="pixel588"/>
<entry key="589" type="xstring" value="pixel589"/>
<entry key="590" type="xstring" value="pixel590"/>
<entry key="591" type="xstring" value="pixel591"/>
<entry key="592" type="xstring" value="pixel592"/>
<entry key="593" type="xstring" value="pixel593"/>
<entry key="594" type="xstring" value="pixel594"/>
<entry key="595" type="xstring" value="pixel595"/>
<entry key="596" type="xstring" value="pixel596"/>
<entry key="597" type="xstring" value="pixel597"/>
<entry key="598" type="xstring" value="pixel598"/>
<entry key="599" type="xstring" value="pixel599"/>
<entry key="600" type="xstring" value="pixel600"/>
<entry key="601" type="xstring" value="pixel601"/>
<entry key="602" type="xstring" value="pixel602"/>
<entry key="603" type="xstring" value="pixel603"/>
<entry key="604" type="xstring" value="pixel604"/>
<entry key="605" type="xstring" value="pixel605"/>
<entry key="606" type="xstring" value="pixel606"/>
<entry key="607" type="xstring" value="pixel607"/>
<entry key="608" type="xstring" value="pixel608"/>
<entry key="609" type="xstring" value="pixel609"/>
<entry key="610" type="xstring" value="pixel610"/>
<entry key="611" type="xstring" value="pixel611"/>
<entry key="612" type="xstring" value="pixel612"/>
<entry key="613" type="xstring" value="pixel613"/>
<entry key="614" type="xstring" value="pixel614"/>
<entry key="615" type="xstring" value="pixel615"/>
<entry key="616" type="xstring" value="pixel616"/>
<entry key="617" type="xstring" value="pixel617"/>
<entry key="618" type="xstring" value="pixel618"/>
<entry key="619" type="xstring" value="pixel619"/>
<entry key="620" type="xstring" value="pixel620"/>
<entry key="621" type="xstring" value="pixel621"/>
<entry key="622" type="xstring" value="pixel622"/>
<entry key="623" type="xstring" value="pixel623"/>
<entry key="624" type="xstring" value="pixel624"/>
<entry key="625" type="xstring" value="pixel625"/>
<entry key="626" type="xstring" value="pixel626"/>
<entry key="627" type="xstring" value="pixel627"/>
<entry key="628" type="xstring" value="pixel628"/>
<entry key="629" type="xstring" value="pixel629"/>
<entry key="630" type="xstring" value="pixel630"/>
<entry key="631" type="xstring" value="pixel631"/>
<entry key="632" type="xstring" value="pixel632"/>
<entry key="633" type="xstring" value="pixel633"/>
<entry key="634" type="xstring" value="pixel634"/>
<entry key="635" type="xstring" value="pixel635"/>
<entry key="636" type="xstring" value="pixel636"/>
<entry key="637" type="xstring" value="pixel637"/>
<entry key="638" type="xstring" value="pixel638"/>
<entry key="639" type="xstring" value="pixel639"/>
<entry key="640" type="xstring" value="pixel640"/>
<entry key="641" type="xstring" value="pixel641"/>
<entry key="642" type="xstring" value="pixel642"/>
<entry key="643" type="xstring" value="pixel643"/>
<entry key="644" type="xstring" value="pixel644"/>
<entry key="645" type="xstring" value="pixel645"/>
<entry key="646" type="xstring" value="pixel646"/>
<entry key="647" type="xstring" value="pixel647"/>
<entry key="648" type="xstring" value="pixel648"/>
<entry key="649" type="xstring" value="pixel649"/>
<entry key="650" type="xstring" value="pixel650"/>
<entry key="651" type="xstring" value="pixel651"/>
<entry key="652" type="xstring" value="pixel652"/>
<entry key="653" type="xstring" value="pixel653"/>
<entry key="654" type="xstring" value="pixel654"/>
<entry key="655" type="xstring" value="pixel655"/>
<entry key="656" type="xstring" value="pixel656"/>
<entry key="657" type="xstring" value="pixel657"/>
<entry key="658" type="xstring" value="pixel658"/>
<entry key="659" type="xstring" value="pixel659"/>
<entry key="660" type="xstring" value="pixel660"/>
<entry key="661" type="xstring" value="pixel661"/>
<entry key="662" type="xstring" value="pixel662"/>
<entry key="663" type="xstring" value="pixel663"/>
<entry key="664" type="xstring" value="pixel664"/>
<entry key="665" type="xstring" value="pixel665"/>
<entry key="666" type="xstring" value="pixel666"/>
<entry key="667" type="xstring" value="pixel667"/>
<entry key="668" type="xstring" value="pixel668"/>
<entry key="669" type="xstring" value="pixel669"/>
<entry key="670" type="xstring" value="pixel670"/>
<entry key="671" type="xstring" value="pixel671"/>
<entry key="672" type="xstring" value="pixel672"/>
<entry key="673" type="xstring" value="pixel673"/>
<entry key="674" type="xstring" value="pixel674"/>
<entry key="675" type="xstring" value="pixel675"/>
<entry key="676" type="xstring" value="pixel676"/>
<entry key="677" type="xstring" value="pixel677"/>
<entry key="678" type="xstring" value="pixel678"/>
<entry key="679" type="xstring" value="pixel679"/>
<entry key="680" type="xstring" value="pixel680"/>
<entry key="681" type="xstring" value="pixel681"/>
<entry key="682" type="xstring" value="pixel682"/>
<entry key="683" type="xstring" value="pixel683"/>
<entry key="684" type="xstring" value="pixel684"/>
<entry key="685" type="xstring" value="pixel685"/>
<entry key="686" type="xstring" value="pixel686"/>
<entry key="687" type="xstring" value="pixel687"/>
<entry key="688" type="xstring" value="pixel688"/>
<entry key="689" type="xstring" value="pixel689"/>
<entry key="690" type="xstring" value="pixel690"/>
<entry key="691" type="xstring" value="pixel691"/>
<entry key="692" type="xstring" value="pixel692"/>
<entry key="693" type="xstring" value="pixel693"/>
<entry key="694" type="xstring" value="pixel694"/>
<entry key="695" type="xstring" value="pixel695"/>
<entry key="696" type="xstring" value="pixel696"/>
<entry key="697" type="xstring" value="pixel697"/>
<entry key="698" type="xstring" value="pixel698"/>
<entry key="699" type="xstring" value="pixel699"/>
<entry key="700" type="xstring" value="pixel700"/>
<entry key="701" type="xstring" value="pixel701"/>
<entry key="702" type="xstring" value="pixel702"/>
<entry key="703" type="xstring" value="pixel703"/>
<entry key="704" type="xstring" value="pixel704"/>
<entry key="705" type="xstring" value="pixel705"/>
<entry key="706" type="xstring" value="pixel706"/>
<entry key="707" type="xstring" value="pixel707"/>
<entry key="708" type="xstring" value="pixel708"/>
<entry key="709" type="xstring" value="pixel709"/>
<entry key="710" type="xstring" value="pixel710"/>
<entry key="711" type="xstring" value="pixel711"/>
<entry key="712" type="xstring" value="pixel712"/>
<entry key="713" type="xstring" value="pixel713"/>
<entry key="714" type="xstring" value="pixel714"/>
<entry key="715" type="xstring" value="pixel715"/>
<entry key="716" type="xstring" value="pixel716"/>
<entry key="717" type="xstring" value="pixel717"/>
<entry key="718" type="xstring" value="pixel718"/>
<entry key="719" type="xstring" value="pixel719"/>
<entry key="720" type="xstring" value="pixel720"/>
<entry key="721" type="xstring" value="pixel721"/>
<entry key="722" type="xstring" value="pixel722"/>
<entry key="723" type="xstring" value="pixel723"/>
<entry key="724" type="xstring" value="pixel724"/>
<entry key="725" type="xstring" value="pixel725"/>
<entry key="726" type="xstring" value="pixel726"/>
<entry key="727" type="xstring" value="pixel727"/>
<entry key="728" type="xstring" value="pixel728"/>
<entry key="729" type="xstring" value="pixel729"/>
<entry key="730" type="xstring" value="pixel730"/>
<entry key="731" type="xstring" value="pixel731"/>
<entry key="732" type="xstring" value="pixel732"/>
<entry key="733" type="xstring" value="pixel733"/>
<entry key="734" type="xstring" value="pixel734"/>
<entry key="735" type="xstring" value="pixel735"/>
<entry key="736" type="xstring" value="pixel736"/>
<entry key="737" type="xstring" value="pixel737"/>
<entry key="738" type="xstring" value="pixel738"/>
<entry key="739" type="xstring" value="pixel739"/>
<entry key="740" type="xstring" value="pixel740"/>
<entry key="741" type="xstring" value="pixel741"/>
<entry key="742" type="xstring" value="pixel742"/>
<entry key="743" type="xstring" value="pixel743"/>
<entry key="744" type="xstring" value="pixel744"/>
<entry key="745" type="xstring" value="pixel745"/>
<entry key="746" type="xstring" value="pixel746"/>
<entry key="747" type="xstring" value="pixel747"/>
<entry key="748" type="xstring" value="pixel748"/>
<entry key="749" type="xstring" value="pixel749"/>
<entry key="750" type="xstring" value="pixel750"/>
<entry key="751" type="xstring" value="pixel751"/>
<entry key="752" type="xstring" value="pixel752"/>
<entry key="753" type="xstring" value="pixel753"/>
<entry key="754" type="xstring" value="pixel754"/>
<entry key="755" type="xstring" value="pixel755"/>
<entry key="756" type="xstring" value="pixel756"/>
<entry key="757" type="xstring" value="pixel757"/>
<entry key="758" type="xstring" value="pixel758"/>
<entry key="759" type="xstring" value="pixel759"/>
<entry key="760" type="xstring" value="pixel760"/>
<entry key="761" type="xstring" value="pixel761"/>
<entry key="762" type="xstring" value="pixel762"/>
<entry key="763" type="xstring" value="pixel763"/>
<entry key="764" type="xstring" value="pixel764"/>
<entry key="765" type="xstring" value="pixel765"/>
<entry key="766" type="xstring" value="pixel766"/>
<entry key="767" type="xstring" value="pixel767"/>
<entry key="768" type="xstring" value="pixel768"/>
<entry key="769" type="xstring" value="pixel769"/>
<entry key="770" type="xstring" value="pixel770"/>
<entry key="771" type="xstring" value="pixel771"/>
<entry key="772" type="xstring" value="pixel772"/>
<entry key="773" type="xstring" value="pixel773"/>
<entry key="774" type="xstring" value="pixel774"/>
<entry key="775" type="xstring" value="pixel775"/>
<entry key="776" type="xstring" value="pixel776"/>
<entry key="777" type="xstring" value="pixel777"/>
<entry key="778" type="xstring" value="pixel778"/>
<entry key="779" type="xstring" value="pixel779"/>
<entry key="780" type="xstring" value="pixel780"/>
<entry key="781" type="xstring" value="pixel781"/>
<entry key="782" type="xstring" value="pixel782"/>
<entry key="783" type="xstring" value="pixel783"/>
</config>
<config key="target">
<entry key="array-size" type="xint" value="1"/>
<entry key="0" type="xstring" value="label"/>
</config>
</config>
